matrix_row,matrix_order,cluster,cluster_name,count,row_total,proportion
P1 · General Information,0,0,Physical Education & Sports,0,17,0.0
P1 · General Information,0,1,"Fees, Aid & Student Services",3,17,0.1765
P1 · General Information,0,2,Biology & Chemistry,0,17,0.0
P1 · General Information,0,3,Language Learning,0,17,0.0
P1 · General Information,0,4,"Math, Computer Science & Data Science",0,17,0.0
P1 · General Information,0,5,Grading & Placement Credit,0,17,0.0
P1 · General Information,0,6,"Society, Culture & Global Humanities",0,17,0.0
P1 · General Information,0,7,"Degree Credits, Matriculation & Transfer",12,17,0.7059
P1 · General Information,0,8,"Registration, Leave & Academic Calendar",0,17,0.0
P1 · General Information,0,9,"Politics, Economics & Behavior",0,17,0.0
P1 · General Information,0,10,Major Requirement Lists & Electives,0,17,0.0
P1 · General Information,0,11,Environment & Global Health,1,17,0.0588
P1 · General Information,0,12,Interdisciplinary Seminars & Advising,0,17,0.0
P1 · General Information,0,13,Media & Arts,0,17,0.0
P1 · General Information,0,14,Asia Studies,1,17,0.0588
P2 · A Liberal Arts Education at Duke Kunshan University,1,0,Physical Education & Sports,0,6,0.0
P2 · A Liberal Arts Education at Duke Kunshan University,1,1,"Fees, Aid & Student Services",0,6,0.0
P2 · A Liberal Arts Education at Duke Kunshan University,1,2,Biology & Chemistry,0,6,0.0
P2 · A Liberal Arts Education at Duke Kunshan University,1,3,Language Learning,0,6,0.0
P2 · A Liberal Arts Education at Duke Kunshan University,1,4,"Math, Computer Science & Data Science",0,6,0.0
P2 · A Liberal Arts Education at Duke Kunshan University,1,5,Grading & Placement Credit,0,6,0.0
P2 · A Liberal Arts Education at Duke Kunshan University,1,6,"Society, Culture & Global Humanities",0,6,0.0
P2 · A Liberal Arts Education at Duke Kunshan University,1,7,"Degree Credits, Matriculation & Transfer",4,6,0.6667
P2 · A Liberal Arts Education at Duke Kunshan University,1,8,"Registration, Leave & Academic Calendar",0,6,0.0
P2 · A Liberal Arts Education at Duke Kunshan University,1,9,"Politics, Economics & Behavior",0,6,0.0
P2 · A Liberal Arts Education at Duke Kunshan University,1,10,Major Requirement Lists & Electives,0,6,0.0
P2 · A Liberal Arts Education at Duke Kunshan University,1,11,Environment & Global Health,0,6,0.0
P2 · A Liberal Arts Education at Duke Kunshan University,1,12,Interdisciplinary Seminars & Advising,2,6,0.3333
P2 · A Liberal Arts Education at Duke Kunshan University,1,13,Media & Arts,0,6,0.0
P2 · A Liberal Arts Education at Duke Kunshan University,1,14,Asia Studies,0,6,0.0
P3 · The Curriculum,2,0,Physical Education & Sports,0,47,0.0
P3 · The Curriculum,2,1,"Fees, Aid & Student Services",3,47,0.0638
P3 · The Curriculum,2,2,Biology & Chemistry,0,47,0.0
P3 · The Curriculum,2,3,Language Learning,4,47,0.0851
P3 · The Curriculum,2,4,"Math, Computer Science & Data Science",1,47,0.0213
P3 · The Curriculum,2,5,Grading & Placement Credit,0,47,0.0
P3 · The Curriculum,2,6,"Society, Culture & Global Humanities",0,47,0.0
P3 · The Curriculum,2,7,"Degree Credits, Matriculation & Transfer",13,47,0.2766
P3 · The Curriculum,2,8,"Registration, Leave & Academic Calendar",0,47,0.0
P3 · The Curriculum,2,9,"Politics, Economics & Behavior",0,47,0.0
P3 · The Curriculum,2,10,Major Requirement Lists & Electives,14,47,0.2979
P3 · The Curriculum,2,11,Environment & Global Health,0,47,0.0
P3 · The Curriculum,2,12,Interdisciplinary Seminars & Advising,12,47,0.2553
P3 · The Curriculum,2,13,Media & Arts,0,47,0.0
P3 · The Curriculum,2,14,Asia Studies,0,47,0.0
"P4 · Admission, Scholarships and Financial Aid",3,0,Physical Education & Sports,0,20,0.0
"P4 · Admission, Scholarships and Financial Aid",3,1,"Fees, Aid & Student Services",6,20,0.3
"P4 · Admission, Scholarships and Financial Aid",3,2,Biology & Chemistry,0,20,0.0
"P4 · Admission, Scholarships and Financial Aid",3,3,Language Learning,1,20,0.05
"P4 · Admission, Scholarships and Financial Aid",3,4,"Math, Computer Science & Data Science",0,20,0.0
"P4 · Admission, Scholarships and Financial Aid",3,5,Grading & Placement Credit,3,20,0.15
"P4 · Admission, Scholarships and Financial Aid",3,6,"Society, Culture & Global Humanities",0,20,0.0
"P4 · Admission, Scholarships and Financial Aid",3,7,"Degree Credits, Matriculation & Transfer",5,20,0.25
"P4 · Admission, Scholarships and Financial Aid",3,8,"Registration, Leave & Academic Calendar",5,20,0.25
"P4 · Admission, Scholarships and Financial Aid",3,9,"Politics, Economics & Behavior",0,20,0.0
"P4 · Admission, Scholarships and Financial Aid",3,10,Major Requirement Lists & Electives,0,20,0.0
"P4 · Admission, Scholarships and Financial Aid",3,11,Environment & Global Health,0,20,0.0
"P4 · Admission, Scholarships and Financial Aid",3,12,Interdisciplinary Seminars & Advising,0,20,0.0
"P4 · Admission, Scholarships and Financial Aid",3,13,Media & Arts,0,20,0.0
"P4 · Admission, Scholarships and Financial Aid",3,14,Asia Studies,0,20,0.0
P5 · Financial Information,4,0,Physical Education & Sports,0,27,0.0
P5 · Financial Information,4,1,"Fees, Aid & Student Services",13,27,0.4815
P5 · Financial Information,4,2,Biology & Chemistry,0,27,0.0
P5 · Financial Information,4,3,Language Learning,0,27,0.0
P5 · Financial Information,4,4,"Math, Computer Science & Data Science",0,27,0.0
P5 · Financial Information,4,5,Grading & Placement Credit,0,27,0.0
P5 · Financial Information,4,6,"Society, Culture & Global Humanities",0,27,0.0
P5 · Financial Information,4,7,"Degree Credits, Matriculation & Transfer",1,27,0.037
P5 · Financial Information,4,8,"Registration, Leave & Academic Calendar",13,27,0.4815
P5 · Financial Information,4,9,"Politics, Economics & Behavior",0,27,0.0
P5 · Financial Information,4,10,Major Requirement Lists & Electives,0,27,0.0
P5 · Financial Information,4,11,Environment & Global Health,0,27,0.0
P5 · Financial Information,4,12,Interdisciplinary Seminars & Advising,0,27,0.0
P5 · Financial Information,4,13,Media & Arts,0,27,0.0
P5 · Financial Information,4,14,Asia Studies,0,27,0.0
P6 · Academic Integrity,5,0,Physical Education & Sports,0,5,0.0
P6 · Academic Integrity,5,1,"Fees, Aid & Student Services",2,5,0.4
P6 · Academic Integrity,5,2,Biology & Chemistry,1,5,0.2
P6 · Academic Integrity,5,3,Language Learning,0,5,0.0
P6 · Academic Integrity,5,4,"Math, Computer Science & Data Science",0,5,0.0
P6 · Academic Integrity,5,5,Grading & Placement Credit,1,5,0.2
P6 · Academic Integrity,5,6,"Society, Culture & Global Humanities",0,5,0.0
P6 · Academic Integrity,5,7,"Degree Credits, Matriculation & Transfer",0,5,0.0
P6 · Academic Integrity,5,8,"Registration, Leave & Academic Calendar",1,5,0.2
P6 · Academic Integrity,5,9,"Politics, Economics & Behavior",0,5,0.0
P6 · Academic Integrity,5,10,Major Requirement Lists & Electives,0,5,0.0
P6 · Academic Integrity,5,11,Environment & Global Health,0,5,0.0
P6 · Academic Integrity,5,12,Interdisciplinary Seminars & Advising,0,5,0.0
P6 · Academic Integrity,5,13,Media & Arts,0,5,0.0
P6 · Academic Integrity,5,14,Asia Studies,0,5,0.0
P6 · Entrance Credit and Placement,6,0,Physical Education & Sports,0,16,0.0
P6 · Entrance Credit and Placement,6,1,"Fees, Aid & Student Services",0,16,0.0
P6 · Entrance Credit and Placement,6,2,Biology & Chemistry,0,16,0.0
P6 · Entrance Credit and Placement,6,3,Language Learning,6,16,0.375
P6 · Entrance Credit and Placement,6,4,"Math, Computer Science & Data Science",0,16,0.0
P6 · Entrance Credit and Placement,6,5,Grading & Placement Credit,2,16,0.125
P6 · Entrance Credit and Placement,6,6,"Society, Culture & Global Humanities",0,16,0.0
P6 · Entrance Credit and Placement,6,7,"Degree Credits, Matriculation & Transfer",8,16,0.5
P6 · Entrance Credit and Placement,6,8,"Registration, Leave & Academic Calendar",0,16,0.0
P6 · Entrance Credit and Placement,6,9,"Politics, Economics & Behavior",0,16,0.0
P6 · Entrance Credit and Placement,6,10,Major Requirement Lists & Electives,0,16,0.0
P6 · Entrance Credit and Placement,6,11,Environment & Global Health,0,16,0.0
P6 · Entrance Credit and Placement,6,12,Interdisciplinary Seminars & Advising,0,16,0.0
P6 · Entrance Credit and Placement,6,13,Media & Arts,0,16,0.0
P6 · Entrance Credit and Placement,6,14,Asia Studies,0,16,0.0
P6 · Transfer of Work Taken Elsewhere,7,0,Physical Education & Sports,0,7,0.0
P6 · Transfer of Work Taken Elsewhere,7,1,"Fees, Aid & Student Services",0,7,0.0
P6 · Transfer of Work Taken Elsewhere,7,2,Biology & Chemistry,0,7,0.0
P6 · Transfer of Work Taken Elsewhere,7,3,Language Learning,0,7,0.0
P6 · Transfer of Work Taken Elsewhere,7,4,"Math, Computer Science & Data Science",0,7,0.0
P6 · Transfer of Work Taken Elsewhere,7,5,Grading & Placement Credit,0,7,0.0
P6 · Transfer of Work Taken Elsewhere,7,6,"Society, Culture & Global Humanities",0,7,0.0
P6 · Transfer of Work Taken Elsewhere,7,7,"Degree Credits, Matriculation & Transfer",7,7,1.0
P6 · Transfer of Work Taken Elsewhere,7,8,"Registration, Leave & Academic Calendar",0,7,0.0
P6 · Transfer of Work Taken Elsewhere,7,9,"Politics, Economics & Behavior",0,7,0.0
P6 · Transfer of Work Taken Elsewhere,7,10,Major Requirement Lists & Electives,0,7,0.0
P6 · Transfer of Work Taken Elsewhere,7,11,Environment & Global Health,0,7,0.0
P6 · Transfer of Work Taken Elsewhere,7,12,Interdisciplinary Seminars & Advising,0,7,0.0
P6 · Transfer of Work Taken Elsewhere,7,13,Media & Arts,0,7,0.0
P6 · Transfer of Work Taken Elsewhere,7,14,Asia Studies,0,7,0.0
P6 · Registration,8,0,Physical Education & Sports,0,7,0.0
P6 · Registration,8,1,"Fees, Aid & Student Services",0,7,0.0
P6 · Registration,8,2,Biology & Chemistry,0,7,0.0
P6 · Registration,8,3,Language Learning,0,7,0.0
P6 · Registration,8,4,"Math, Computer Science & Data Science",0,7,0.0
P6 · Registration,8,5,Grading & Placement Credit,0,7,0.0
P6 · Registration,8,6,"Society, Culture & Global Humanities",0,7,0.0
P6 · Registration,8,7,"Degree Credits, Matriculation & Transfer",1,7,0.1429
P6 · Registration,8,8,"Registration, Leave & Academic Calendar",6,7,0.8571
P6 · Registration,8,9,"Politics, Economics & Behavior",0,7,0.0
P6 · Registration,8,10,Major Requirement Lists & Electives,0,7,0.0
P6 · Registration,8,11,Environment & Global Health,0,7,0.0
P6 · Registration,8,12,Interdisciplinary Seminars & Advising,0,7,0.0
P6 · Registration,8,13,Media & Arts,0,7,0.0
P6 · Registration,8,14,Asia Studies,0,7,0.0
P6 · Other procedures,9,0,Physical Education & Sports,0,37,0.0
P6 · Other procedures,9,1,"Fees, Aid & Student Services",1,37,0.027
P6 · Other procedures,9,2,Biology & Chemistry,0,37,0.0
P6 · Other procedures,9,3,Language Learning,0,37,0.0
P6 · Other procedures,9,4,"Math, Computer Science & Data Science",0,37,0.0
P6 · Other procedures,9,5,Grading & Placement Credit,3,37,0.0811
P6 · Other procedures,9,6,"Society, Culture & Global Humanities",0,37,0.0
P6 · Other procedures,9,7,"Degree Credits, Matriculation & Transfer",9,37,0.2432
P6 · Other procedures,9,8,"Registration, Leave & Academic Calendar",17,37,0.4595
P6 · Other procedures,9,9,"Politics, Economics & Behavior",0,37,0.0
P6 · Other procedures,9,10,Major Requirement Lists & Electives,4,37,0.1081
P6 · Other procedures,9,11,Environment & Global Health,0,37,0.0
P6 · Other procedures,9,12,Interdisciplinary Seminars & Advising,3,37,0.0811
P6 · Other procedures,9,13,Media & Arts,0,37,0.0
P6 · Other procedures,9,14,Asia Studies,0,37,0.0
P6 · Undergraduate Course Load,10,0,Physical Education & Sports,0,21,0.0
P6 · Undergraduate Course Load,10,1,"Fees, Aid & Student Services",2,21,0.0952
P6 · Undergraduate Course Load,10,2,Biology & Chemistry,0,21,0.0
P6 · Undergraduate Course Load,10,3,Language Learning,0,21,0.0
P6 · Undergraduate Course Load,10,4,"Math, Computer Science & Data Science",0,21,0.0
P6 · Undergraduate Course Load,10,5,Grading & Placement Credit,3,21,0.1429
P6 · Undergraduate Course Load,10,6,"Society, Culture & Global Humanities",0,21,0.0
P6 · Undergraduate Course Load,10,7,"Degree Credits, Matriculation & Transfer",1,21,0.0476
P6 · Undergraduate Course Load,10,8,"Registration, Leave & Academic Calendar",13,21,0.619
P6 · Undergraduate Course Load,10,9,"Politics, Economics & Behavior",0,21,0.0
P6 · Undergraduate Course Load,10,10,Major Requirement Lists & Electives,2,21,0.0952
P6 · Undergraduate Course Load,10,11,Environment & Global Health,0,21,0.0
P6 · Undergraduate Course Load,10,12,Interdisciplinary Seminars & Advising,0,21,0.0
P6 · Undergraduate Course Load,10,13,Media & Arts,0,21,0.0
P6 · Undergraduate Course Load,10,14,Asia Studies,0,21,0.0
P6 · Course Repeat,11,0,Physical Education & Sports,0,6,0.0
P6 · Course Repeat,11,1,"Fees, Aid & Student Services",0,6,0.0
P6 · Course Repeat,11,2,Biology & Chemistry,0,6,0.0
P6 · Course Repeat,11,3,Language Learning,0,6,0.0
P6 · Course Repeat,11,4,"Math, Computer Science & Data Science",0,6,0.0
P6 · Course Repeat,11,5,Grading & Placement Credit,2,6,0.3333
P6 · Course Repeat,11,6,"Society, Culture & Global Humanities",0,6,0.0
P6 · Course Repeat,11,7,"Degree Credits, Matriculation & Transfer",2,6,0.3333
P6 · Course Repeat,11,8,"Registration, Leave & Academic Calendar",0,6,0.0
P6 · Course Repeat,11,9,"Politics, Economics & Behavior",0,6,0.0
P6 · Course Repeat,11,10,Major Requirement Lists & Electives,2,6,0.3333
P6 · Course Repeat,11,11,Environment & Global Health,0,6,0.0
P6 · Course Repeat,11,12,Interdisciplinary Seminars & Advising,0,6,0.0
P6 · Course Repeat,11,13,Media & Arts,0,6,0.0
P6 · Course Repeat,11,14,Asia Studies,0,6,0.0
P6 · Grading and Grade Requirements,12,0,Physical Education & Sports,0,21,0.0
P6 · Grading and Grade Requirements,12,1,"Fees, Aid & Student Services",0,21,0.0
P6 · Grading and Grade Requirements,12,2,Biology & Chemistry,0,21,0.0
P6 · Grading and Grade Requirements,12,3,Language Learning,0,21,0.0
P6 · Grading and Grade Requirements,12,4,"Math, Computer Science & Data Science",0,21,0.0
P6 · Grading and Grade Requirements,12,5,Grading & Placement Credit,15,21,0.7143
P6 · Grading and Grade Requirements,12,6,"Society, Culture & Global Humanities",0,21,0.0
P6 · Grading and Grade Requirements,12,7,"Degree Credits, Matriculation & Transfer",3,21,0.1429
P6 · Grading and Grade Requirements,12,8,"Registration, Leave & Academic Calendar",1,21,0.0476
P6 · Grading and Grade Requirements,12,9,"Politics, Economics & Behavior",0,21,0.0
P6 · Grading and Grade Requirements,12,10,Major Requirement Lists & Electives,2,21,0.0952
P6 · Grading and Grade Requirements,12,11,Environment & Global Health,0,21,0.0
P6 · Grading and Grade Requirements,12,12,Interdisciplinary Seminars & Advising,0,21,0.0
P6 · Grading and Grade Requirements,12,13,Media & Arts,0,21,0.0
P6 · Grading and Grade Requirements,12,14,Asia Studies,0,21,0.0
P6 · Progress toward Degree,13,0,Physical Education & Sports,0,7,0.0
P6 · Progress toward Degree,13,1,"Fees, Aid & Student Services",0,7,0.0
P6 · Progress toward Degree,13,2,Biology & Chemistry,0,7,0.0
P6 · Progress toward Degree,13,3,Language Learning,0,7,0.0
P6 · Progress toward Degree,13,4,"Math, Computer Science & Data Science",0,7,0.0
P6 · Progress toward Degree,13,5,Grading & Placement Credit,5,7,0.7143
P6 · Progress toward Degree,13,6,"Society, Culture & Global Humanities",0,7,0.0
P6 · Progress toward Degree,13,7,"Degree Credits, Matriculation & Transfer",1,7,0.1429
P6 · Progress toward Degree,13,8,"Registration, Leave & Academic Calendar",1,7,0.1429
P6 · Progress toward Degree,13,9,"Politics, Economics & Behavior",0,7,0.0
P6 · Progress toward Degree,13,10,Major Requirement Lists & Electives,0,7,0.0
P6 · Progress toward Degree,13,11,Environment & Global Health,0,7,0.0
P6 · Progress toward Degree,13,12,Interdisciplinary Seminars & Advising,0,7,0.0
P6 · Progress toward Degree,13,13,Media & Arts,0,7,0.0
P6 · Progress toward Degree,13,14,Asia Studies,0,7,0.0
"P6 · Academic Warning, Probation, and Suspension",14,0,Physical Education & Sports,0,20,0.0
"P6 · Academic Warning, Probation, and Suspension",14,1,"Fees, Aid & Student Services",0,20,0.0
"P6 · Academic Warning, Probation, and Suspension",14,2,Biology & Chemistry,0,20,0.0
"P6 · Academic Warning, Probation, and Suspension",14,3,Language Learning,0,20,0.0
"P6 · Academic Warning, Probation, and Suspension",14,4,"Math, Computer Science & Data Science",0,20,0.0
"P6 · Academic Warning, Probation, and Suspension",14,5,Grading & Placement Credit,12,20,0.6
"P6 · Academic Warning, Probation, and Suspension",14,6,"Society, Culture & Global Humanities",0,20,0.0
"P6 · Academic Warning, Probation, and Suspension",14,7,"Degree Credits, Matriculation & Transfer",0,20,0.0
"P6 · Academic Warning, Probation, and Suspension",14,8,"Registration, Leave & Academic Calendar",7,20,0.35
"P6 · Academic Warning, Probation, and Suspension",14,9,"Politics, Economics & Behavior",0,20,0.0
"P6 · Academic Warning, Probation, and Suspension",14,10,Major Requirement Lists & Electives,0,20,0.0
"P6 · Academic Warning, Probation, and Suspension",14,11,Environment & Global Health,0,20,0.0
"P6 · Academic Warning, Probation, and Suspension",14,12,Interdisciplinary Seminars & Advising,1,20,0.05
"P6 · Academic Warning, Probation, and Suspension",14,13,Media & Arts,0,20,0.0
"P6 · Academic Warning, Probation, and Suspension",14,14,Asia Studies,0,20,0.0
P6 · Changes in Status,15,0,Physical Education & Sports,0,12,0.0
P6 · Changes in Status,15,1,"Fees, Aid & Student Services",0,12,0.0
P6 · Changes in Status,15,2,Biology & Chemistry,0,12,0.0
P6 · Changes in Status,15,3,Language Learning,0,12,0.0
P6 · Changes in Status,15,4,"Math, Computer Science & Data Science",0,12,0.0
P6 · Changes in Status,15,5,Grading & Placement Credit,0,12,0.0
P6 · Changes in Status,15,6,"Society, Culture & Global Humanities",0,12,0.0
P6 · Changes in Status,15,7,"Degree Credits, Matriculation & Transfer",2,12,0.1667
P6 · Changes in Status,15,8,"Registration, Leave & Academic Calendar",8,12,0.6667
P6 · Changes in Status,15,9,"Politics, Economics & Behavior",0,12,0.0
P6 · Changes in Status,15,10,Major Requirement Lists & Electives,2,12,0.1667
P6 · Changes in Status,15,11,Environment & Global Health,0,12,0.0
P6 · Changes in Status,15,12,Interdisciplinary Seminars & Advising,0,12,0.0
P6 · Changes in Status,15,13,Media & Arts,0,12,0.0
P6 · Changes in Status,15,14,Asia Studies,0,12,0.0
P6 · Procedure for Resolution of Students' Academic Concerns,16,0,Physical Education & Sports,0,5,0.0
P6 · Procedure for Resolution of Students' Academic Concerns,16,1,"Fees, Aid & Student Services",0,5,0.0
P6 · Procedure for Resolution of Students' Academic Concerns,16,2,Biology & Chemistry,0,5,0.0
P6 · Procedure for Resolution of Students' Academic Concerns,16,3,Language Learning,0,5,0.0
P6 · Procedure for Resolution of Students' Academic Concerns,16,4,"Math, Computer Science & Data Science",0,5,0.0
P6 · Procedure for Resolution of Students' Academic Concerns,16,5,Grading & Placement Credit,1,5,0.2
P6 · Procedure for Resolution of Students' Academic Concerns,16,6,"Society, Culture & Global Humanities",0,5,0.0
P6 · Procedure for Resolution of Students' Academic Concerns,16,7,"Degree Credits, Matriculation & Transfer",1,5,0.2
P6 · Procedure for Resolution of Students' Academic Concerns,16,8,"Registration, Leave & Academic Calendar",2,5,0.4
P6 · Procedure for Resolution of Students' Academic Concerns,16,9,"Politics, Economics & Behavior",0,5,0.0
P6 · Procedure for Resolution of Students' Academic Concerns,16,10,Major Requirement Lists & Electives,0,5,0.0
P6 · Procedure for Resolution of Students' Academic Concerns,16,11,Environment & Global Health,0,5,0.0
P6 · Procedure for Resolution of Students' Academic Concerns,16,12,Interdisciplinary Seminars & Advising,1,5,0.2
P6 · Procedure for Resolution of Students' Academic Concerns,16,13,Media & Arts,0,5,0.0
P6 · Procedure for Resolution of Students' Academic Concerns,16,14,Asia Studies,0,5,0.0
P6 · Grade Review Procedure,17,0,Physical Education & Sports,0,7,0.0
P6 · Grade Review Procedure,17,1,"Fees, Aid & Student Services",0,7,0.0
P6 · Grade Review Procedure,17,2,Biology & Chemistry,0,7,0.0
P6 · Grade Review Procedure,17,3,Language Learning,0,7,0.0
P6 · Grade Review Procedure,17,4,"Math, Computer Science & Data Science",0,7,0.0
P6 · Grade Review Procedure,17,5,Grading & Placement Credit,5,7,0.7143
P6 · Grade Review Procedure,17,6,"Society, Culture & Global Humanities",0,7,0.0
P6 · Grade Review Procedure,17,7,"Degree Credits, Matriculation & Transfer",2,7,0.2857
P6 · Grade Review Procedure,17,8,"Registration, Leave & Academic Calendar",0,7,0.0
P6 · Grade Review Procedure,17,9,"Politics, Economics & Behavior",0,7,0.0
P6 · Grade Review Procedure,17,10,Major Requirement Lists & Electives,0,7,0.0
P6 · Grade Review Procedure,17,11,Environment & Global Health,0,7,0.0
P6 · Grade Review Procedure,17,12,Interdisciplinary Seminars & Advising,0,7,0.0
P6 · Grade Review Procedure,17,13,Media & Arts,0,7,0.0
P6 · Grade Review Procedure,17,14,Asia Studies,0,7,0.0
P7 · Academic Advising and Support,18,0,Physical Education & Sports,0,11,0.0
P7 · Academic Advising and Support,18,1,"Fees, Aid & Student Services",0,11,0.0
P7 · Academic Advising and Support,18,2,Biology & Chemistry,0,11,0.0
P7 · Academic Advising and Support,18,3,Language Learning,0,11,0.0
P7 · Academic Advising and Support,18,4,"Math, Computer Science & Data Science",0,11,0.0
P7 · Academic Advising and Support,18,5,Grading & Placement Credit,0,11,0.0
P7 · Academic Advising and Support,18,6,"Society, Culture & Global Humanities",0,11,0.0
P7 · Academic Advising and Support,18,7,"Degree Credits, Matriculation & Transfer",1,11,0.0909
P7 · Academic Advising and Support,18,8,"Registration, Leave & Academic Calendar",0,11,0.0
P7 · Academic Advising and Support,18,9,"Politics, Economics & Behavior",0,11,0.0
P7 · Academic Advising and Support,18,10,Major Requirement Lists & Electives,0,11,0.0
P7 · Academic Advising and Support,18,11,Environment & Global Health,0,11,0.0
P7 · Academic Advising and Support,18,12,Interdisciplinary Seminars & Advising,10,11,0.9091
P7 · Academic Advising and Support,18,13,Media & Arts,0,11,0.0
P7 · Academic Advising and Support,18,14,Asia Studies,0,11,0.0
"P8 · Career Services, Study Away, and Research Opportunities",19,0,Physical Education & Sports,0,26,0.0
"P8 · Career Services, Study Away, and Research Opportunities",19,1,"Fees, Aid & Student Services",12,26,0.4615
"P8 · Career Services, Study Away, and Research Opportunities",19,2,Biology & Chemistry,0,26,0.0
"P8 · Career Services, Study Away, and Research Opportunities",19,3,Language Learning,0,26,0.0
"P8 · Career Services, Study Away, and Research Opportunities",19,4,"Math, Computer Science & Data Science",0,26,0.0
"P8 · Career Services, Study Away, and Research Opportunities",19,5,Grading & Placement Credit,0,26,0.0
"P8 · Career Services, Study Away, and Research Opportunities",19,6,"Society, Culture & Global Humanities",0,26,0.0
"P8 · Career Services, Study Away, and Research Opportunities",19,7,"Degree Credits, Matriculation & Transfer",11,26,0.4231
"P8 · Career Services, Study Away, and Research Opportunities",19,8,"Registration, Leave & Academic Calendar",3,26,0.1154
"P8 · Career Services, Study Away, and Research Opportunities",19,9,"Politics, Economics & Behavior",0,26,0.0
"P8 · Career Services, Study Away, and Research Opportunities",19,10,Major Requirement Lists & Electives,0,26,0.0
"P8 · Career Services, Study Away, and Research Opportunities",19,11,Environment & Global Health,0,26,0.0
"P8 · Career Services, Study Away, and Research Opportunities",19,12,Interdisciplinary Seminars & Advising,0,26,0.0
"P8 · Career Services, Study Away, and Research Opportunities",19,13,Media & Arts,0,26,0.0
"P8 · Career Services, Study Away, and Research Opportunities",19,14,Asia Studies,0,26,0.0
P9 · Student Affairs and Campus Life,20,0,Physical Education & Sports,4,31,0.129
P9 · Student Affairs and Campus Life,20,1,"Fees, Aid & Student Services",13,31,0.4194
P9 · Student Affairs and Campus Life,20,2,Biology & Chemistry,0,31,0.0
P9 · Student Affairs and Campus Life,20,3,Language Learning,0,31,0.0
P9 · Student Affairs and Campus Life,20,4,"Math, Computer Science & Data Science",0,31,0.0
P9 · Student Affairs and Campus Life,20,5,Grading & Placement Credit,0,31,0.0
P9 · Student Affairs and Campus Life,20,6,"Society, Culture & Global Humanities",0,31,0.0
P9 · Student Affairs and Campus Life,20,7,"Degree Credits, Matriculation & Transfer",5,31,0.1613
P9 · Student Affairs and Campus Life,20,8,"Registration, Leave & Academic Calendar",2,31,0.0645
P9 · Student Affairs and Campus Life,20,9,"Politics, Economics & Behavior",0,31,0.0
P9 · Student Affairs and Campus Life,20,10,Major Requirement Lists & Electives,0,31,0.0
P9 · Student Affairs and Campus Life,20,11,Environment & Global Health,1,31,0.0323
P9 · Student Affairs and Campus Life,20,12,Interdisciplinary Seminars & Advising,6,31,0.1935
P9 · Student Affairs and Campus Life,20,13,Media & Arts,0,31,0.0
P9 · Student Affairs and Campus Life,20,14,Asia Studies,0,31,0.0
P10 · Majors,21,0,Physical Education & Sports,0,126,0.0
P10 · Majors,21,1,"Fees, Aid & Student Services",1,126,0.0079
P10 · Majors,21,2,Biology & Chemistry,14,126,0.1111
P10 · Majors,21,3,Language Learning,2,126,0.0159
P10 · Majors,21,4,"Math, Computer Science & Data Science",11,126,0.0873
P10 · Majors,21,5,Grading & Placement Credit,0,126,0.0
P10 · Majors,21,6,"Society, Culture & Global Humanities",15,126,0.119
P10 · Majors,21,7,"Degree Credits, Matriculation & Transfer",0,126,0.0
P10 · Majors,21,8,"Registration, Leave & Academic Calendar",0,126,0.0
P10 · Majors,21,9,"Politics, Economics & Behavior",11,126,0.0873
P10 · Majors,21,10,Major Requirement Lists & Electives,26,126,0.2063
P10 · Majors,21,11,Environment & Global Health,9,126,0.0714
P10 · Majors,21,12,Interdisciplinary Seminars & Advising,8,126,0.0635
P10 · Majors,21,13,Media & Arts,9,126,0.0714
P10 · Majors,21,14,Asia Studies,20,126,0.1587
P10 · Course Descriptions,22,0,Physical Education & Sports,28,651,0.043
P10 · Course Descriptions,22,1,"Fees, Aid & Student Services",1,651,0.0015
P10 · Course Descriptions,22,2,Biology & Chemistry,64,651,0.0983
P10 · Course Descriptions,22,3,Language Learning,46,651,0.0707
P10 · Course Descriptions,22,4,"Math, Computer Science & Data Science",76,651,0.1167
P10 · Course Descriptions,22,5,Grading & Placement Credit,26,651,0.0399
P10 · Course Descriptions,22,6,"Society, Culture & Global Humanities",109,651,0.1674
P10 · Course Descriptions,22,7,"Degree Credits, Matriculation & Transfer",2,651,0.0031
P10 · Course Descriptions,22,8,"Registration, Leave & Academic Calendar",0,651,0.0
P10 · Course Descriptions,22,9,"Politics, Economics & Behavior",74,651,0.1137
P10 · Course Descriptions,22,10,Major Requirement Lists & Electives,22,651,0.0338
P10 · Course Descriptions,22,11,Environment & Global Health,46,651,0.0707
P10 · Course Descriptions,22,12,Interdisciplinary Seminars & Advising,35,651,0.0538
P10 · Course Descriptions,22,13,Media & Arts,55,651,0.0845
P10 · Course Descriptions,22,14,Asia Studies,67,651,0.1029
P11 · Academic Calendar 2021-22,23,0,Physical Education & Sports,0,21,0.0
P11 · Academic Calendar 2021-22,23,1,"Fees, Aid & Student Services",0,21,0.0
P11 · Academic Calendar 2021-22,23,2,Biology & Chemistry,0,21,0.0
P11 · Academic Calendar 2021-22,23,3,Language Learning,0,21,0.0
P11 · Academic Calendar 2021-22,23,4,"Math, Computer Science & Data Science",0,21,0.0
P11 · Academic Calendar 2021-22,23,5,Grading & Placement Credit,0,21,0.0
P11 · Academic Calendar 2021-22,23,6,"Society, Culture & Global Humanities",0,21,0.0
P11 · Academic Calendar 2021-22,23,7,"Degree Credits, Matriculation & Transfer",0,21,0.0
P11 · Academic Calendar 2021-22,23,8,"Registration, Leave & Academic Calendar",21,21,1.0
P11 · Academic Calendar 2021-22,23,9,"Politics, Economics & Behavior",0,21,0.0
P11 · Academic Calendar 2021-22,23,10,Major Requirement Lists & Electives,0,21,0.0
P11 · Academic Calendar 2021-22,23,11,Environment & Global Health,0,21,0.0
P11 · Academic Calendar 2021-22,23,12,Interdisciplinary Seminars & Advising,0,21,0.0
P11 · Academic Calendar 2021-22,23,13,Media & Arts,0,21,0.0
P11 · Academic Calendar 2021-22,23,14,Asia Studies,0,21,0.0
P12 · Useful Contacts,24,0,Physical Education & Sports,0,3,0.0
P12 · Useful Contacts,24,1,"Fees, Aid & Student Services",2,3,0.6667
P12 · Useful Contacts,24,2,Biology & Chemistry,0,3,0.0
P12 · Useful Contacts,24,3,Language Learning,0,3,0.0
P12 · Useful Contacts,24,4,"Math, Computer Science & Data Science",0,3,0.0
P12 · Useful Contacts,24,5,Grading & Placement Credit,0,3,0.0
P12 · Useful Contacts,24,6,"Society, Culture & Global Humanities",0,3,0.0
P12 · Useful Contacts,24,7,"Degree Credits, Matriculation & Transfer",1,3,0.3333
P12 · Useful Contacts,24,8,"Registration, Leave & Academic Calendar",0,3,0.0
P12 · Useful Contacts,24,9,"Politics, Economics & Behavior",0,3,0.0
P12 · Useful Contacts,24,10,Major Requirement Lists & Electives,0,3,0.0
P12 · Useful Contacts,24,11,Environment & Global Health,0,3,0.0
P12 · Useful Contacts,24,12,Interdisciplinary Seminars & Advising,0,3,0.0
P12 · Useful Contacts,24,13,Media & Arts,0,3,0.0
P12 · Useful Contacts,24,14,Asia Studies,0,3,0.0
